Workbook

Sheet Sumar
A1: Sumar IOF vs. Centralizator oferta
A2: Text albastru = valori preluate din centralizatorul de oferta (input). Ore convertite la 8 ore/zi. Coloanele J–M se calculeaza din foaia IOF.
A4: Nr. | B4: Livrabil (cod IOF) | C4: Serviciu / Licenta | D4: Cant. oferta | E4: UM | F4: Tarif unitar oferta (EUR, fara TVA) | G4: Cost total oferta (EUR, fara TVA) | H4: Zile oferta (echiv. zile/om) | I4: Tarif echivalent (EUR/zi) | J4: Zile IOF | K4: Dif. zile (IOF - oferta) | L4: Valoare IOF (EUR) | M4: Dif. valoare (IOF - oferta)
A5: 1 | B5: 01 Migrare server | C5: Migrare Charisma ERP pe server nou | D5: 5 | E5: zile/om | F5: 700 | G5: =D5*F5 | H5: =IF(E5="ore",D5/8,D5) | I5: =IF(H5=0,0,G5/H5) | J5: =SUMIF(IOF!$B:$B,B5,IOF!$G:$G) | K5: =J5-H5 | L5: =SUMIF(IOF!$B:$B,B5,IOF!$X:$X) | M5: =L5-G5
A6: 2 | B6: 02 Portal Furnizori | C6: Portal Furnizori — Achizitii si Licitatii (Charisma BIZ) | D6: 35 | E6: zile/om | F6: — | G6: 24850 | H6: =IF(E6="ore",D6/8,D6) | I6: =IF(H6=0,0,G6/H6) | J6: =SUMIF(IOF!$B:$B,B6,IOF!$G:$G) | K6: =J6-H6 | L6: =SUMIF(IOF!$B:$B,B6,IOF!$X:$X) | M6: =L6-G6
A7: 3a | B7: 03a Invictus Sc.1 | C7: Integrare API Invictus Normare <-> Productie Charisma — Scenariul 1 (de baza, fara Planificare) | D7: 168 | E7: ore | F7: 87.5 | G7: =D7*F7 | H7: =IF(E7="ore",D7/8,D7) | I7: =IF(H7=0,0,G7/H7) | J7: =SUMIF(IOF!$B:$B,B7,IOF!$G:$G) | K7: =J7-H7 | L7: =SUMIF(IOF!$B:$B,B7,IOF!$X:$X) | M7: =L7-G7
A8: 3b | B8: 03b Invictus Planificare | C8: Integrare API Invictus — Supliment Scenariul 2 (Modul Planificare) | D8: 64 | E8: ore | F8: 87.5 | G8: =D8*F8 | H8: =IF(E8="ore",D8/8,D8) | I8: =IF(H8=0,0,G8/H8) | J8: =SUMIF(IOF!$B:$B,B8,IOF!$G:$G) | K8: =J8-H8 | L8: =SUMIF(IOF!$B:$B,B8,IOF!$X:$X) | M8: =L8-G8
A9: 4 | B9: 04 Payroll | C9: Integrare Date Salarizare / Bonuri de Masa -> Payroll Charisma | D9: 130 | E9: ore | F9: 80 | G9: =D9*F9 | H9: =IF(E9="ore",D9/8,D9) | I9: =IF(H9=0,0,G9/H9) | J9: =SUMIF(IOF!$B:$B,B9,IOF!$G:$G) | K9: =J9-H9 | L9: =SUMIF(IOF!$B:$B,B9,IOF!$X:$X) | M9: =L9-G9
A10: 5 | B10: 05 Etichete | C10: Generare si Transfer Automat Etichete per Lansare de Productie | D10: 20 | E10: zile/om | F10: 700 | G10: =D10*F10 | H10: =IF(E10="ore",D10/8,D10) | I10: =IF(H10=0,0,G10/H10) | J10: =SUMIF(IOF!$B:$B,B10,IOF!$G:$G) | K10: =J10-H10 | L10: =SUMIF(IOF!$B:$B,B10,IOF!$X:$X) | M10: =L10-G10
A11: 6 | B11: 06 PLM | C11: Integrare Aplicatie PLM externa <-> Charisma ERP | D11: 16 | E11: zile/om | F11: 700 | G11: =D11*F11 | H11: =IF(E11="ore",D11/8,D11) | I11: =IF(H11=0,0,G11/H11) | J11: =SUMIF(IOF!$B:$B,B11,IOF!$G:$G) | K11: =J11-H11 | L11: =SUMIF(IOF!$B:$B,B11,IOF!$X:$X) | M11: =L11-G11
A12: 7 | B12: 07 Magento | C12: Integrare API Magento <-> Stocuri / Vanzari Charisma ERP | D12: 28 | E12: zile/om | F12: 700 | G12: =D12*F12 | H12: =IF(E12="ore",D12/8,D12) | I12: =IF(H12=0,0,G12/H12) | J12: =SUMIF(IOF!$B:$B,B12,IOF!$G:$G) | K12: =J12-H12 | L12: =SUMIF(IOF!$B:$B,B12,IOF!$X:$X) | M12: =L12-G12
A13: Subtotal servicii — Poz. 1, 2, 3a, 4, 5, 6, 7 (Sc.1 fara Planificare): | G13: =SUM(G5:G12)-G8 | H13: =SUM(H5:H12)-H8 | J13: =SUM(J5:J12)-J8 | L13: =SUM(L5:L12)-L8
A14: Subtotal servicii — Poz. 1, 2, 3a+3b, 4, 5, 6, 7 (Sc.2 complet, recomandat): | G14: =SUM(G5:G12) | H14: =SUM(H5:H12) | J14: =SUM(J5:J12) | L14: =SUM(L5:L12)
A15: TOTAL GENERAL — Scenariul 2 complet (fara TVA): | G15: =G14 | L15: =L14
A16: TVA (cota in H16): | G16: =ROUND(G15*H16,0) | H16: 0.19 | L16: =ROUND(L15*H16,0)
A17: TOTAL GENERAL — Scenariul 2 complet (cu TVA): | G17: =G15+G16 | L17: =L15+L16
A19: Control IOF: total zile foaia IOF (rand total general) = | J19: =IOF!G87 | K19: =J19-J14

Sheet IOF
A1: Project plan | B1: Product | C1: WBS ID | D1: Activity | E1: Business Unit | F1: Licente (module + utilizatori) | G1: Effort | H1: Executive Director | I1: Integration PM | J1: Solution Manager | K1: BU Director | L1: Manager | M1: PM | N1: SR_BC | O1: EXP_BC | P1: JR_BC | Q1: SR_TC | R1: EXP_TC | S1: JR_TC | T1: TRA | U1: DEV | V1: Code factory DEV | W1: 3rd Party | X1: Valoare proiect | Y1: Project plan ERP | Z1: Observatii
X2: (EURO fara TVA)
A3: Livrabil | B3: 01 Migrare server (total) | C3: 01 | D3: 1. Migrare Charisma ERP pe server nou | G3: =SUBTOTAL(9,G4:G9) | H3: =SUBTOTAL(9,H4:H9) | I3: =SUBTOTAL(9,I4:I9) | J3: =SUBTOTAL(9,J4:J9) | K3: =SUBTOTAL(9,K4:K9) | L3: =SUBTOTAL(9,L4:L9) | M3: =SUBTOTAL(9,M4:M9) | N3: =SUBTOTAL(9,N4:N9) | ... X3: =SUBTOTAL(9,X4:X9) | Z3: Oferta: 5 zile/om x 700 EUR/zi
A4: 0.Project Management | B4: 01 Migrare server | C4: 01.01 | D4: Kick-off, planificare fereastra de migrare, coordonare cu IT client | G4: =SUM(H4:W4) | M4: 0.5 | X4: =G4*Sumar!$I$5 | Y4: 1.Project Setup
A5: 1.Design | B5: 01 Migrare server | C5: 01.02 | D5: Analiza infrastructura existenta si cerinte server nou (OS, SQL Server, dimensionare, backup) | G5: =SUM(H5:W5) | Q5: 0.5 | X5: =G5*Sumar!$I$5 | Y5: 2.Analysis and Design
A6: 4.Instalare | B6: 01 Migrare server | C6: 01.03 | D6: Instalare si configurare Charisma pe serverul nou (aplicatie, componente, servicii, licente) | G6: =SUM(H6:W6) | Q6: 1 | R6: 0.5 | X6: =G6*Sumar!$I$5 | Y6: 1.Project Setup
A7: 3.Import date | B7: 01 Migrare server | C7: 01.04 | D7: Migrare baze de date, job-uri, rapoarte, fisiere de configurare si integrari existente | G7: =SUM(H7:W7) | Q7: 1 | X7: =G7*Sumar!$I$5 | Y7: 3.Build
A8: 6.Testare | B8: 01 Migrare server | C8: 01.05 | D8: Testare post-migrare (conexiuni, performanta, fluxuri cheie, rapoarte) | G8: =SUM(H8:W8) | O8: 0.5 | R8: 0.5 | X8: =G8*Sumar!$I$5 | Y8: 4.Test & Training
A9: 7.Intrare in productie | B9: 01 Migrare server | C9: 01.06 | D9: Switch-over pe serverul nou si suport in prima zi de lucru | G9: =SUM(H9:W9) | Q9: 0.5 | X9: =G9*Sumar!$I$5 | Y9: 5.Go-Live & Hypercare
A10: Livrabil | B10: 02 Portal Furnizori (total) | C10: 02 | D10: 2. Portal Furnizori — Achizitii si Licitatii (Charisma BIZ) | F10: Charisma BIZ — Portal Furnizori (licenta inclusa in pret) | G10: =SUBTOTAL(9,G11:G23) | H10: =SUBTOTAL(9,H11:H23) | I10: =SUBTOTAL(9,I11:I23) | J10: =SUBTOTAL(9,J11:J23) | K10: =SUBTOTAL(9,K11:K23) | L10: =SUBTOTAL(9,L11:L23) | M10: =SUBTOTAL(9,M11:M23) | N10: =SUBTOTAL(9,N11:N23) | ... X10: =SUBTOTAL(9,X11:X23) | Z10: Oferta: 35 zile/om, pret pachet 24.850 EUR (implementare completa + integrare ERP, licenta inclusa)
A11: 0.Project Management | B11: 02 Portal Furnizori | C11: 02.01 | D11: Kick-off, plan proiect, status reports, project charter | G11: =SUM(H11:W11) | M11: 1 | N11: 1 | X11: =G11*Sumar!$I$6 | Y11: 1.Project Setup
A12: 0.Project Management | B12: 02 Portal Furnizori | C12: 02.02 | D12: Steering-uri, riscuri, aliniere interna | G12: =SUM(H12:W12) | M12: 1 | N12: 0.5 | X12: =G12*Sumar!$I$6 | Y12: 1.Project Setup
A13: 1.Design | B13: 02 Portal Furnizori | C13: 02.03 | D13: Workshop-uri de analiza flux achizitii si licitatii (cereri de oferta, evaluare, adjudecare) | G13: =SUM(H13:W13) | N13: 1.5 | O13: 1.5 | X13: =G13*Sumar!$I$6 | Y13: 2.Analysis and Design
A14: 1.Design | B14: 02 Portal Furnizori | C14: 02.04 | D14: Specificatie functionala, prezentare catre client, incorporare feedback | G14: =SUM(H14:W14) | N14: 1.5 | O14: 1 | Q14: 0.5 | X14: =G14*Sumar!$I$6 | Y14: 2.Analysis and Design
A15: 4.Instalare | B15: 02 Portal Furnizori | C15: 02.05 | D15: Instalare si configurare Charisma BIZ, publicare portal extern, securitate acces | G15: =SUM(H15:W15) | Q15: 1 | R15: 0.5 | X15: =G15*Sumar!$I$6 | Y15: 1.Project Setup
A16: 2.Configurari | B16: 02 Portal Furnizori | C16: 02.06 | D16: Configurare nomenclatoare, fluxuri de aprobare, roluri si drepturi utilizatori/furnizori | G16: =SUM(H16:W16) | N16: 1 | O16: 2 | Q16: 1 | R16: 1 | X16: =G16*Sumar!$I$6 | Y16: 3.Build
A17: 2.Configurari | B17: 02 Portal Furnizori | C17: 02.07 | D17: Configurare flux licitatii: cereri de oferta, grile de evaluare, adjudecare, notificari | G17: =SUM(H17:W17) | N17: 1.5 | O17: 2 | Q17: 1 | R17: 0.5 | X17: =G17*Sumar!$I$6 | Y17: 3.Build
A18: 2.Dezvoltare / Integrare | B18: 02 Portal Furnizori | C18: 02.08 | D18: Integrare ERP: sincronizare furnizori, articole, necesare si comenzi de aprovizionare | G18: =SUM(H18:W18) | Q18: 2 | R18: 1 | U18: 3 | X18: =G18*Sumar!$I$6 | Y18: 3.Build
A19: 3.Import date | B19: 02 Portal Furnizori | C19: 02.09 | D19: Import furnizori si date initiale, onboarding furnizori pe portal | G19: =SUM(H19:W19) | O19: 1 | R19: 0.5 | X19: =G19*Sumar!$I$6 | Y19: 3.Build
A20: 5.Training | B20: 02 Portal Furnizori | C20: 02.10 | D20: Training utilizatori interni + ghid de utilizare pentru furnizori | G20: =SUM(H20:W20) | N20: 0.5 | O20: 1.5 | X20: =G20*Sumar!$I$6 | Y20: 4.Test & Training
A21: 6.Testare | B21: 02 Portal Furnizori | C21: 02.11 | D21: Factory testing (portal + integrare ERP) | G21: =SUM(H21:W21) | O21: 1 | R21: 1 | X21: =G21*Sumar!$I$6 | Y21: 4.Test & Training
A22: 6.Testare | B22: 02 Portal Furnizori | C22: 02.12 | D22: Suport UAT si corectii | G22: =SUM(H22:W22) | N22: 0.5 | O22: 1 | X22: =G22*Sumar!$I$6 | Y22: 4.Test & Training
A23: 7.Intrare in productie | B23: 02 Portal Furnizori | C23: 02.13 | D23: Intrare in productie si asistenta pentru stabilizare | G23: =SUM(H23:W23) | O23: 0.5 | R23: 0.5 | X23: =G23*Sumar!$I$6 | Y23: 5.Go-Live & Hypercare
A24: Livrabil | B24: 03a Invictus Sc.1 (total) | C24: 03a | D24: 3a. Integrare API Invictus Normare <-> Productie Charisma — Scenariul 1 (de baza, fara Planificare) | G24: =SUBTOTAL(9,G25:G34) | H24: =SUBTOTAL(9,H25:H34) | I24: =SUBTOTAL(9,I25:I34) | J24: =SUBTOTAL(9,J25:J34) | K24: =SUBTOTAL(9,K25:K34) | L24: =SUBTOTAL(9,L25:L34) | M24: =SUBTOTAL(9,M25:M34) | N24: =SUBTOTAL(9,N25:N34) | ... X24: =SUBTOTAL(9,X25:X34) | Z24: Oferta: 168 ore max. x 87,50 EUR/ora (= 21 zile x 700 EUR/zi)
A25: 0.Project Management | B25: 03a Invictus Sc.1 | C25: 03a.01 | D25: Kick-off, coordonare cu furnizorul Invictus, status reports | G25: =SUM(H25:W25) | M25: 1 | N25: 0.5 | X25: =G25*Sumar!$I$7 | Y25: 1.Project Setup
A26: 1.Design | B26: 03a Invictus Sc.1 | C26: 03a.02 | D26: Analiza flux normare/productie si mapare date (norme, operatii, tehnologii, timpi) | G26: =SUM(H26:W26) | N26: 1 | Q26: 1.5 | X26: =G26*Sumar!$I$7 | Y26: 2.Analysis and Design
A27: 1.Design | B27: 03a Invictus Sc.1 | C27: 03a.03 | D27: Specificatie tehnica API (endpoint-uri, formate, autentificare, tratare erori) | G27: =SUM(H27:W27) | Q27: 1 | U27: 1 | X27: =G27*Sumar!$I$7 | Y27: 2.Analysis and Design
A28: 2.Dezvoltare / Integrare | B28: 03a Invictus Sc.1 | C28: 03a.04 | D28: Import norme, operatii si tehnologii din Invictus in Charisma | G28: =SUM(H28:W28) | Q28: 1 | U28: 3 | X28: =G28*Sumar!$I$7 | Y28: 3.Build
A29: 2.Dezvoltare / Integrare | B29: 03a Invictus Sc.1 | C29: 03a.05 | D29: Transfer comenzi / lansari de productie Charisma -> Invictus | G29: =SUM(H29:W29) | Q29: 1 | U29: 2.5 | X29: =G29*Sumar!$I$7 | Y29: 3.Build
A30: 2.Dezvoltare / Integrare | B30: 03a Invictus Sc.1 | C30: 03a.06 | D30: Preluare raportari de productie (realizari, timpi) Invictus -> Charisma | G30: =SUM(H30:W30) | Q30: 1 | U30: 2.5 | X30: =G30*Sumar!$I$7 | Y30: 3.Build
A31: 2.Dezvoltare / Integrare | B31: 03a Invictus Sc.1 | C31: 03a.07 | D31: Jurnalizare, monitorizare, tratare si reprocesare erori | G31: =SUM(H31:W31) | U31: 1.5 | X31: =G31*Sumar!$I$7 | Y31: 3.Build
A32: 6.Testare | B32: 03a Invictus Sc.1 | C32: 03a.08 | D32: Factory testing end-to-end | G32: =SUM(H32:W32) | Q32: 0.5 | R32: 1 | X32: =G32*Sumar!$I$7 | Y32: 4.Test & Training
A33: 6.Testare | B33: 03a Invictus Sc.1 | C33: 03a.09 | D33: Suport UAT si corectii | G33: =SUM(H33:W33) | N33: 0.5 | X33: =G33*Sumar!$I$7 | Y33: 4.Test & Training
A34: 7.Intrare in productie | B34: 03a Invictus Sc.1 | C34: 03a.10 | D34: Punere in productie si stabilizare | G34: =SUM(H34:W34) | Q34: 0.5 | X34: =G34*Sumar!$I$7 | Y34: 5.Go-Live & Hypercare
A35: Livrabil | B35: 03b Invictus Planificare (total) | C35: 03b | D35: 3b. Integrare API Invictus — Supliment Scenariul 2 (Modul Planificare) | G35: =SUBTOTAL(9,G36:G40) | H35: =SUBTOTAL(9,H36:H40) | I35: =SUBTOTAL(9,I36:I40) | J35: =SUBTOTAL(9,J36:J40) | K35: =SUBTOTAL(9,K36:K40) | L35: =SUBTOTAL(9,L36:L40) | M35: =SUBTOTAL(9,M36:M40) | N35: =SUBTOTAL(9,N36:N40) | ... X35: =SUBTOTAL(9,X36:X40) | Z35: Oferta: 64 ore max. x 87,50 EUR/ora (= 8 zile x 700 EUR/zi). Inclus in Scenariul 2 (recomandat)
A36: 1.Design | B36: 03b Invictus Planificare | C36: 03b.01 | D36: Analiza cerinte planificare (capacitati, calendar, prioritati) si mapare date | G36: =SUM(H36:W36) | N36: 0.5 | Q36: 1 | X36: =G36*Sumar!$I$8 | Y36: 2.Analysis and Design
A37: 2.Dezvoltare / Integrare | B37: 03b Invictus Planificare | C37: 03b.02 | D37: Transfer comenzi de planificat si capacitati Charisma -> Invictus | G37: =SUM(H37:W37) | Q37: 0.5 | U37: 1.5 | X37: =G37*Sumar!$I$8 | Y37: 3.Build
A38: 2.Dezvoltare / Integrare | B38: 03b Invictus Planificare | C38: 03b.03 | D38: Preluare plan de productie / secventiere Invictus -> Charisma (actualizare lansari, termene) | G38: =SUM(H38:W38) | Q38: 0.5 | U38: 2 | X38: =G38*Sumar!$I$8 | Y38: 3.Build
A39: 6.Testare | B39: 03b Invictus Planificare | C39: 03b.04 | D39: Testare scenarii de planificare | G39: =SUM(H39:W39) | Q39: 0.5 | R39: 0.5 | X39: =G39*Sumar!$I$8 | Y39: 4.Test & Training
A40: 5.Training | B40: 03b Invictus Planificare | C40: 03b.05 | D40: Training utilizatori planificare si intrare in productie | G40: =SUM(H40:W40) | N40: 0.5 | O40: 0.5 | X40: =G40*Sumar!$I$8 | Y40: 4.Test & Training
A41: Livrabil | B41: 04 Payroll (total) | C41: 05 | D41: 4. Integrare Date Salarizare / Bonuri de Masa -> Payroll Charisma | G41: =SUBTOTAL(9,G42:G50) | H41: =SUBTOTAL(9,H42:H50) | I41: =SUBTOTAL(9,I42:I50) | J41: =SUBTOTAL(9,J42:J50) | K41: =SUBTOTAL(9,K42:K50) | L41: =SUBTOTAL(9,L42:L50) | M41: =SUBTOTAL(9,M42:M50) | N41: =SUBTOTAL(9,N42:N50) | ... X41: =SUBTOTAL(9,X42:X50) | Z41: Oferta: 130 ore x 80 EUR/ora (= 16,25 zile x 640 EUR/zi)
A42: 0.Project Management | B42: 04 Payroll | C42: 05.01 | D42: Kick-off, coordonare, status reports | G42: =SUM(H42:W42) | M42: 0.5 | N42: 0.5 | X42: =G42*Sumar!$I$9 | Y42: 1.Project Setup
A43: 1.Design | B43: 04 Payroll | C43: 05.02 | D43: Analiza surse de date (pontaj, sporuri, bonuri de masa) si mapare pe Payroll | G43: =SUM(H43:W43) | N43: 1 | O43: 1 | X43: =G43*Sumar!$I$9 | Y43: 2.Analysis and Design
A44: 1.Design | B44: 04 Payroll | C44: 05.03 | D44: Specificatie integrare, aliniere si validare cu clientul | G44: =SUM(H44:W44) | N44: 0.5 | Q44: 0.75 | X44: =G44*Sumar!$I$9 | Y44: 2.Analysis and Design
A45: 2.Dezvoltare / Integrare | B45: 04 Payroll | C45: 05.04 | D45: Import date salarizare (pontaj, ore, sporuri) in Payroll Charisma | G45: =SUM(H45:W45) | Q45: 1 | U45: 3 | X45: =G45*Sumar!$I$9 | Y45: 3.Build
A46: 2.Dezvoltare / Integrare | B46: 04 Payroll | C46: 05.05 | D46: Import / calcul bonuri de masa (zile lucrate, absente) | G46: =SUM(H46:W46) | Q46: 0.5 | U46: 2 | X46: =G46*Sumar!$I$9 | Y46: 3.Build
A47: 2.Dezvoltare / Integrare | B47: 04 Payroll | C47: 05.06 | D47: Validari, rapoarte de control si jurnal import | G47: =SUM(H47:W47) | Q47: 0.5 | U47: 1 | X47: =G47*Sumar!$I$9 | Y47: 3.Build
A48: 6.Testare | B48: 04 Payroll | C48: 05.07 | D48: Testare in paralel pe o luna de salarizare | G48: =SUM(H48:W48) | O48: 1 | R48: 1 | X48: =G48*Sumar!$I$9 | Y48: 4.Test & Training
A49: 5.Training | B49: 04 Payroll | C49: 05.08 | D49: Training utilizatori HR / salarizare | G49: =SUM(H49:W49) | O49: 1 | X49: =G49*Sumar!$I$9 | Y49: 4.Test & Training
A50: 7.Intrare in productie | B50: 04 Payroll | C50: 05.09 | D50: Prima rulare in productie, suport la inchiderea de luna | G50: =SUM(H50:W50) | O50: 0.5 | Q50: 0.5 | X50: =G50*Sumar!$I$9 | Y50: 5.Go-Live & Hypercare
A51: Livrabil | B51: 05 Etichete (total) | C51: 06 | D51: 5. Generare si Transfer Automat Etichete per Lansare de Productie | G51: =SUBTOTAL(9,G52:G61) | H51: =SUBTOTAL(9,H52:H61) | I51: =SUBTOTAL(9,I52:I61) | J51: =SUBTOTAL(9,J52:J61) | K51: =SUBTOTAL(9,K52:K61) | L51: =SUBTOTAL(9,L52:L61) | M51: =SUBTOTAL(9,M52:M61) | N51: =SUBTOTAL(9,N52:N61) | ... X51: =SUBTOTAL(9,X52:X61) | Z51: Oferta: 20 zile/om x 700 EUR/zi
A52: 0.Project Management | B52: 05 Etichete | C52: 06.01 | D52: Kick-off, status reports, steering | G52: =SUM(H52:W52) | M52: 1 | N52: 0.5 | X52: =G52*Sumar!$I$10 | Y52: 1.Project Setup
A53: 1.Design | B53: 05 Etichete | C53: 06.02 | D53: Analiza cerinte etichetare (tipuri etichete, continut, coduri de bare, imprimante) | G53: =SUM(H53:W53) | N53: 1 | O53: 1 | X53: =G53*Sumar!$I$10 | Y53: 2.Analysis and Design
A54: 1.Design | B54: 05 Etichete | C54: 06.03 | D54: Specificatie si machete etichete, validare cu clientul | G54: =SUM(H54:W54) | N54: 0.5 | O54: 1 | Q54: 0.5 | X54: =G54*Sumar!$I$10 | Y54: 2.Analysis and Design
A55: 2.Configurari | B55: 05 Etichete | C55: 06.04 | D55: Configurare atribute si parametri etichete pe articol / lansare | G55: =SUM(H55:W55) | O55: 1 | R55: 1 | X55: =G55*Sumar!$I$10 | Y55: 3.Build
A56: 2.Dezvoltare / Integrare | B56: 05 Etichete | C56: 06.05 | D56: Generare automata etichete la lansarea in productie (reguli, numerotare, loturi/serii) | G56: =SUM(H56:W56) | Q56: 1 | U56: 3 | X56: =G56*Sumar!$I$10 | Y56: 3.Build
A57: 2.Dezvoltare / Integrare | B57: 05 Etichete | C57: 06.06 | D57: Transfer automat catre imprimante / sistemul de etichetare | G57: =SUM(H57:W57) | Q57: 1 | U57: 2.5 | X57: =G57*Sumar!$I$10 | Y57: 3.Build
A58: 2.Dezvoltare / Integrare | B58: 05 Etichete | C58: 06.07 | D58: Realizare machete etichete (design rapoarte) | G58: =SUM(H58:W58) | R58: 1.5 | X58: =G58*Sumar!$I$10 | Y58: 3.Build
A59: 6.Testare | B59: 05 Etichete | C59: 06.08 | D59: Factory testing cu imprimantele reale | G59: =SUM(H59:W59) | O59: 0.5 | R59: 1 | X59: =G59*Sumar!$I$10 | Y59: 4.Test & Training
A60: 5.Training | B60: 05 Etichete | C60: 06.09 | D60: Training utilizatori productie | G60: =SUM(H60:W60) | O60: 1 | X60: =G60*Sumar!$I$10 | Y60: 4.Test & Training
A61: 7.Intrare in productie | B61: 05 Etichete | C61: 06.10 | D61: Intrare in productie si asistenta pentru stabilizare | G61: =SUM(H61:W61) | O61: 0.5 | R61: 0.5 | X61: =G61*Sumar!$I$10 | Y61: 5.Go-Live & Hypercare
A62: Livrabil | B62: 06 PLM (total) | C62: 07 | D62: 6. Integrare Aplicatie PLM externa <-> Charisma ERP | G62: =SUBTOTAL(9,G63:G70) | H62: =SUBTOTAL(9,H63:H70) | I62: =SUBTOTAL(9,I63:I70) | J62: =SUBTOTAL(9,J63:J70) | K62: =SUBTOTAL(9,K63:K70) | L62: =SUBTOTAL(9,L63:L70) | M62: =SUBTOTAL(9,M63:M70) | N62: =SUBTOTAL(9,N63:N70) | ... X62: =SUBTOTAL(9,X63:X70) | Z62: Oferta: 16 zile/om x 700 EUR/zi
A63: 0.Project Management | B63: 06 PLM | C63: 07.01 | D63: Kick-off, coordonare cu furnizorul PLM, status reports | G63: =SUM(H63:W63) | M63: 0.5 | N63: 0.5 | X63: =G63*Sumar!$I$11 | Y63: 1.Project Setup
A64: 1.Design | B64: 06 PLM | C64: 07.02 | D64: Analiza si mapare date (articole, BOM/retete, revizii, fise tehnice) | G64: =SUM(H64:W64) | N64: 1 | Q64: 1.5 | X64: =G64*Sumar!$I$11 | Y64: 2.Analysis and Design
A65: 1.Design | B65: 06 PLM | C65: 07.03 | D65: Specificatie tehnica integrare | G65: =SUM(H65:W65) | Q65: 1 | U65: 0.5 | X65: =G65*Sumar!$I$11 | Y65: 2.Analysis and Design
A66: 2.Dezvoltare / Integrare | B66: 06 PLM | C66: 07.04 | D66: Import articole si atribute PLM -> Charisma | G66: =SUM(H66:W66) | Q66: 0.5 | U66: 2.5 | X66: =G66*Sumar!$I$11 | Y66: 3.Build
A67: 2.Dezvoltare / Integrare | B67: 06 PLM | C67: 07.05 | D67: Import BOM / retete si tehnologii, gestiune revizii | G67: =SUM(H67:W67) | Q67: 1 | U67: 3 | X67: =G67*Sumar!$I$11 | Y67: 3.Build
A68: 2.Dezvoltare / Integrare | B68: 06 PLM | C68: 07.06 | D68: Feedback Charisma -> PLM (coduri, stari) si jurnal erori | G68: =SUM(H68:W68) | U68: 1.5 | X68: =G68*Sumar!$I$11 | Y68: 3.Build
A69: 6.Testare | B69: 06 PLM | C69: 07.07 | D69: Factory testing end-to-end | G69: =SUM(H69:W69) | Q69: 0.5 | R69: 1 | X69: =G69*Sumar!$I$11 | Y69: 4.Test & Training
A70: 7.Intrare in productie | B70: 06 PLM | C70: 07.08 | D70: Training, intrare in productie si stabilizare | G70: =SUM(H70:W70) | N70: 0.5 | Q70: 0.5 | X70: =G70*Sumar!$I$11 | Y70: 5.Go-Live & Hypercare
A71: Livrabil | B71: 07 Magento (total) | C71: 08 | D71: 7. Integrare API Magento <-> Stocuri / Vanzari Charisma ERP | G71: =SUBTOTAL(9,G72:G86) | H71: =SUBTOTAL(9,H72:H86) | I71: =SUBTOTAL(9,I72:I86) | J71: =SUBTOTAL(9,J72:J86) | K71: =SUBTOTAL(9,K72:K86) | L71: =SUBTOTAL(9,L72:L86) | M71: =SUBTOTAL(9,M72:M86) | N71: =SUBTOTAL(9,N72:N86) | ... X71: =SUBTOTAL(9,X72:X86) | Z71: Oferta: 28 zile/om x 700 EUR/zi
A72: 0.Project Management | B72: 07 Magento | C72: 08.01 | D72: Kick-off, plan proiect, status reports | G72: =SUM(H72:W72) | M72: 1 | N72: 0.5 | X72: =G72*Sumar!$I$12 | Y72: 1.Project Setup
A73: 0.Project Management | B73: 07 Magento | C73: 08.02 | D73: Steering-uri, coordonare cu agentia Magento | G73: =SUM(H73:W73) | M73: 0.5 | N73: 0.5 | X73: =G73*Sumar!$I$12 | Y73: 1.Project Setup
A74: 1.Design | B74: 07 Magento | C74: 08.03 | D74: Workshop-uri flux e-commerce (catalog, preturi, stocuri, comenzi, facturare, retururi) | G74: =SUM(H74:W74) | N74: 1.5 | O74: 1 | X74: =G74*Sumar!$I$12 | Y74: 2.Analysis and Design
A75: 1.Design | B75: 07 Magento | C75: 08.04 | D75: Specificatie si mapare date, validare cu clientul | G75: =SUM(H75:W75) | N75: 0.5 | Q75: 1 | U75: 0.5 | X75: =G75*Sumar!$I$12 | Y75: 2.Analysis and Design
A76: 2.Configurari | B76: 07 Magento | C76: 08.05 | D76: Configurari Charisma (gestiuni web, serii documente, tipuri comenzi, clienti) | G76: =SUM(H76:W76) | O76: 1 | R76: 0.5 | X76: =G76*Sumar!$I$12 | Y76: 3.Build
A77: 2.Dezvoltare / Integrare | B77: 07 Magento | C77: 08.06 | D77: Sincronizare catalog articole si atribute Charisma -> Magento | G77: =SUM(H77:W77) | Q77: 0.5 | U77: 2.5 | X77: =G77*Sumar!$I$12 | Y77: 3.Build
A78: 2.Dezvoltare / Integrare | B78: 07 Magento | C78: 08.07 | D78: Sincronizare preturi si promotii | G78: =SUM(H78:W78) | Q78: 0.5 | U78: 1.5 | X78: =G78*Sumar!$I$12 | Y78: 3.Build
A79: 2.Dezvoltare / Integrare | B79: 07 Magento | C79: 08.08 | D79: Sincronizare stocuri pe gestiuni | G79: =SUM(H79:W79) | Q79: 0.5 | U79: 2.5 | X79: =G79*Sumar!$I$12 | Y79: 3.Build
A80: 2.Dezvoltare / Integrare | B80: 07 Magento | C80: 08.09 | D80: Preluare comenzi Magento -> comenzi client Charisma (clienti, adrese, transport) | G80: =SUM(H80:W80) | Q80: 1 | U80: 3 | X80: =G80*Sumar!$I$12 | Y80: 3.Build
A81: 2.Dezvoltare / Integrare | B81: 07 Magento | C81: 08.10 | D81: Retur statusuri comenzi, facturi, AWB Charisma -> Magento | G81: =SUM(H81:W81) | Q81: 0.5 | U81: 2 | X81: =G81*Sumar!$I$12 | Y81: 3.Build
A82: 2.Dezvoltare / Integrare | B82: 07 Magento | C82: 08.11 | D82: Jurnalizare, monitorizare si reprocesare erori | G82: =SUM(H82:W82) | U82: 1.5 | X82: =G82*Sumar!$I$12 | Y82: 3.Build
A83: 6.Testare | B83: 07 Magento | C83: 08.12 | D83: Factory testing end-to-end | G83: =SUM(H83:W83) | Q83: 0.5 | R83: 1 | X83: =G83*Sumar!$I$12 | Y83: 4.Test & Training
A84: 6.Testare | B84: 07 Magento | C84: 08.13 | D84: Suport UAT si corectii | G84: =SUM(H84:W84) | N84: 0.5 | O84: 0.5 | X84: =G84*Sumar!$I$12 | Y84: 4.Test & Training
A85: 5.Training | B85: 07 Magento | C85: 08.14 | D85: Training utilizatori vanzari / logistica | G85: =SUM(H85:W85) | O85: 0.5 | X85: =G85*Sumar!$I$12 | Y85: 4.Test & Training
A86: 7.Intrare in productie | B86: 07 Magento | C86: 08.15 | D86: Intrare in productie si hypercare | G86: =SUM(H86:W86) | Q86: 0.5 | X86: =G86*Sumar!$I$12 | Y86: 5.Go-Live & Hypercare
D87: TOTAL GENERAL — Scenariul 2 complet (fara TVA) | G87: =G3+G10+G24+G35+G41+G51+G62+G71 | H87: =H3+H10+H24+H35+H41+H51+H62+H71 | I87: =I3+I10+I24+I35+I41+I51+I62+I71 | J87: =J3+J10+J24+J35+J41+J51+J62+J71 | K87: =K3+K10+K24+K35+K41+K51+K62+K71 | L87: =L3+L10+L24+L35+L41+L51+L62+L71 | M87: =M3+M10+M24+M35+M41+M51+M62+M71 | N87: =N3+N10+N24+N35+N41+N51+N62+N71 | ... X87: =X3+X10+X24+X35+X41+X51+X62+X71
